system,robots,congestion,fault,seed,all_done,completed,n_tasks,makespan,sim_time,throughput_per_h,collisions,wall_contacts,obstacle_contacts,min_robot_dist,section_violations,deadlocks,deadlocks_resolved,unresolved_deadlocks,mean_ttr_s,max_ttr_s,mean_wait_s,lock_requests,duplicates,bytes_per_robot_s,msgs_per_robot_s,beacon_bytes_mean,yields,blockage_events,reauctions,recovery_s,agent_us_per_step,wall_s,error
b0,5,medium,none,1,True,15,15,188.80000000000868,188.85,286.0169491525292,0,0,0,0.976,0,0,0,0,,,3.2884615384615015,13,0,2388.8103813558223,18.79766949152456,,0,0,0,,140.6,10.8,
b0,5,medium,node_loss,1,True,15,15,226.7000000000173,226.75,238.20026466694256,0,0,0,0.935,0,0,0,0,,,6.091666666667069,6,0,1966.9616232905425,15.454786060872221,,0,0,1,29.49999999999953,158.1,12.0,
b0,5,high,none,1,True,20,20,307.10000000003555,307.15,234.45131878864106,0,0,0,0.96,0,0,0,0,,,2.0950000000002187,20,0,2490.8987300550684,19.260827092150162,,0,0,0,,143.4,17.6,
ours,5,medium,node_loss,1,True,15,15,236.70000000001957,236.75,228.1368821292587,0,0,0,0.799,0,0,0,0,,,1.5833333333334128,21,0,8978.594845795624,57.06125897760407,235.60869090512065,0,0,4,79.29999999999671,745.3,21.2,
ours,5,medium,none,1,True,15,15,196.20000000001036,196.25,275.2293577981506,0,0,0,0.81,0,0,0,0,,,1.3999999999999835,22,0,9121.268093781373,40.410805300711424,234.8275824770146,0,0,0,,757.0,21.2,
b0,5,high,node_loss,1,True,20,20,335.30000000004196,335.35,214.73307485830892,0,0,0,1.002,0,0,0,0,,,1.4227272727272855,11,1,2098.6984789737903,15.6313748881579,,0,0,1,36.099999999999156,165.0,17.2,
ours,5,high,none,1,True,20,20,266.3000000000263,266.35,270.3717611715843,0,0,0,0.862,0,0,0,0,,,2.162962962963143,27,0,9496.89072474559,41.4096883214379,237.3937254901961,0,0,0,,738.7,28.4,
b0,5,medium,none,2,True,15,15,194.2000000000099,194.25,278.06385169926494,0,0,0,0.902,0,0,0,0,,,5.183333333333234,9,0,2283.7301750771235,18.83110195674466,,0,0,0,,151.6,12.4,
ours,5,high,node_loss,1,True,20,20,346.9000000000446,346.95,207.5526088209592,0,0,0,0.815,0,0,0,0,,,1.1142857142858256,28,0,9327.823003746278,61.54165465551241,236.59195105771357,0,0,4,73.74999999999702,710.4,30.1,
b0,5,medium,node_loss,2,True,15,15,211.10000000001375,211.15,255.80293699666737,0,0,0,0.896,0,0,0,0,,,2.1571428571427487,7,0,1898.245381335736,15.414495499762142,,0,0,1,17.35000000000022,151.0,11.0,
ours,5,medium,none,2,True,15,15,187.35000000000835,187.4,288.2305844675612,0,0,0,0.806,0,0,0,0,,,1.928947368421182,19,0,9133.694155323852,40.643714971975776,234.0425,0,0,0,,793.8,21.0,
ours,5,medium,node_loss,2,True,15,15,233.8000000000189,233.85,230.9666381522482,0,0,0,0.8,0,0,0,0,,,1.4315789473683809,19,0,9027.610778442384,58.59880239520484,234.17814884441003,0,0,4,114.74999999999517,714.4,20.1,
b0,5,high,none,2,True,20,20,267.2000000000265,267.25,269.46107784428466,0,0,0,0.968,0,0,0,0,,,4.510000000000241,10,0,2601.5733532931554,19.15044910179451,,0,0,0,,152.5,15.2,
b0,5,medium,none,3,True,15,15,206.1000000000126,206.15,262.0087336244381,0,0,0,0.872,0,0,0,0,,,3.0900000000000203,5,0,2449.917515768894,18.89859291605901,,0,0,0,,141.3,11.3,
b0,5,high,node_loss,2,True,20,20,347.3000000000447,347.35,207.3135617621386,0,0,0,0.927,0,0,0,0,,,6.6111111111114695,9,0,2083.663115461868,15.644111718972937,,0,0,1,31.899999999999395,144.0,16.1,
ours,5,medium,none,3,True,15,15,201.90000000001166,201.95,267.45913818720595,0,0,0,0.811,0,0,0,0,,,2.1194444444445115,18,0,9143.974244675053,40.373452204059085,235.3417628541448,0,0,0,,686.4,19.8,
ours,5,high,none,2,True,20,20,272.35000000002765,272.4,264.3657058931253,0,0,0,0.816,0,0,0,0,,,2.0740000000001904,25,0,9562.891867081828,42.182485771980296,236.68306513409962,0,0,0,,661.9,26.1,
b0,5,medium,node_loss,3,True,15,15,257.3000000000242,257.35,209.87174504467512,0,0,0,0.979,0,0,0,0,,,5.562500000000021,4,0,2043.5740380876427,15.519626894674014,,0,0,1,19.30000000000011,127.6,11.2,
ours,5,high,node_loss,2,True,20,20,333.2000000000415,333.25,216.08643457380262,0,0,0,0.73,0,0,0,0,,,2.4019230769233046,26,0,8835.293517405862,53.30132052820465,237.47384591750517,0,1,4,57.74999999999793,657.3,26.4,
b0,5,high,none,3,True,20,20,234.50000000001907,234.55,307.0362473347298,0,0,0,0.914,0,0,0,0,,,3.873529411765197,17,0,2302.2558635392584,19.031982942429156,,0,0,0,,138.2,11.8,
ours,5,medium,node_loss,3,True,15,15,254.70000000002366,254.75,212.01413427559868,0,0,0,0.811,0,0,0,0,,,0.20789473684211354,19,0,8866.909305063957,55.042010208082836,235.46047170766272,0,0,4,138.7000000000006,616.8,18.9,
ours,5,high,none,3,True,20,20,194.50000000000998,194.55,370.1799485860993,0,0,0,0.803,0,0,0,0,,,1.4833333333334333,21,0,9274.813367608778,41.01799485860972,234.92598253275108,0,0,0,,637.1,17.9,
b0,5,high,node_loss,3,True,20,20,267.90000000002664,267.95,268.7569988801524,0,0,0,0.928,0,0,0,0,,,3.6642857142858816,21,0,1891.4408361326973,15.538633818587481,,0,0,1,17.500000000000213,126.5,11.2,
b0,5,medium,none,4,True,15,15,231.20000000001832,231.25,233.56401384081195,0,0,0,0.914,0,0,0,0,,,8.733333333332837,3,0,2350.459342560367,19.01816608996389,,0,0,0,,113.7,10.7,
ours,5,high,node_loss,3,True,20,20,231.70000000001843,231.75,310.7466551575066,0,0,0,0.803,0,0,0,0,,,1.9108695652175478,23,0,9196.883038411006,60.17954251186401,235.70197566692713,0,0,4,42.49999999999879,608.0,17.0,
b0,5,medium,node_loss,4,True,15,15,258.1000000000244,258.15,209.22123208056914,0,0,0,0.977,0,0,0,0,,,4.500000000000753,2,1,2006.394420766955,15.521115846569629,,0,0,1,16.350000000000232,118.1,10.1,
ours,5,medium,none,4,True,15,15,206.0000000000126,206.05,262.1359223300811,0,0,0,0.798,0,0,0,0,,,0.6088235294117899,17,0,9104.192233009153,40.32912621358977,234.00061633281973,0,0,0,,586.4,17.5,
b0,5,high,none,4,True,20,20,228.40000000001768,228.45,315.23642732046596,0,0,0,0.866,0,0,0,0,,,6.228571428572269,7,0,2373.9947460593608,19.006129597196427,,0,0,0,,132.8,11.9,
ours,5,medium,node_loss,4,True,15,15,262.1000000000253,262.15,206.02823349864474,0,0,0,0.8,0,0,0,0,,,0.6166666666667054,18,1,8660.057993131557,52.45707745134938,234.71685503685504,0,0,4,57.64999999999794,604.1,19.3,
b0,5,high,node_loss,4,True,20,20,277.70000000002887,277.75,259.2725963269446,0,0,0,0.888,0,0,0,0,,,2.8800000000001718,5,0,2019.4432841193436,15.55491537630375,,0,0,1,13.750000000000195,131.7,11.7,
b0,5,medium,none,5,True,15,15,188.30000000000857,188.35,286.7764206054038,0,0,0,0.978,0,0,0,0,,,4.657142857143043,7,0,2342.3228890067976,18.794476898565264,,0,0,0,,137.3,10.3,
ours,5,high,none,4,True,20,20,234.6500000000191,234.7,306.83997442997713,0,0,0,0.802,0,0,0,0,,,2.272500000000135,20,0,9423.740890687492,41.939058171741735,234.4398566950291,0,0,0,,631.4,21.3,
b0,5,medium,node_loss,5,True,15,15,229.70000000001798,229.75,235.08924684369077,0,0,0,0.958,0,0,0,0,,,5.350000000001022,6,1,2032.9795385283564,15.461906835000967,,0,0,1,18.400000000000162,134.4,10.2,
ours,5,medium,none,5,True,15,15,187.70000000000843,187.75,287.69312733083416,0,0,0,0.826,0,0,0,0,,,1.4690476190475803,21,0,9521.468300479062,43.752797016513746,234.76213151927436,0,0,0,,671.9,18.3,
ours,5,high,node_loss,4,True,20,20,291.30000000003196,291.35,247.16786817710985,0,0,0,0.81,0,0,0,0,,,2.2785714285715315,21,0,9036.210092686959,57.473395125294076,235.27417790707926,0,0,4,137.25000000000028,657.1,23.3,
b0,5,high,none,5,True,20,20,225.10000000001693,225.15,319.8578409595495,0,0,0,0.921,0,0,0,0,,,1.7166666666666202,15,0,2415.8871612614794,18.99155930697325,,0,0,0,,138.7,11.9,
ours,5,medium,node_loss,5,True,15,15,242.90000000002098,242.95,222.31370934539044,0,0,0,0.824,0,0,0,0,,,1.188636363636344,22,0,8691.256484149106,52.89419514202919,234.87477410439035,0,0,4,152.7000000000038,647.7,18.7,
b0,5,high,node_loss,5,True,20,20,280.1000000000294,280.15,257.0510531952604,0,0,0,0.971,0,0,0,0,,,6.742857142857283,7,0,2016.3013209565895,15.558729025346457,,0,0,1,23.949999999999847,125.1,10.9,
ours,5,high,none,5,True,20,20,242.40000000002087,242.45,297.02970297027144,0,0,0,0.799,0,0,0,0,,,1.8476190476190761,21,0,9282.810231022304,40.626237623758875,235.59766334919948,0,0,0,,574.9,19.8,
ours,5,high,node_loss,5,True,20,20,295.30000000003287,295.35,243.8198442261835,0,0,0,0.785,0,0,0,0,,,1.2695652173914005,23,0,8935.832712494772,55.463596342696164,236.2588020516387,0,0,4,51.84999999999827,533.7,18.9,
